-- Make sure to clear existing data before seeding to avoid duplicates
DELETE FROM price_tiers;
DELETE FROM order_item_toppings;
DELETE FROM order_item_complements;
DELETE FROM order_item_bases;
DELETE FROM order_items;
DELETE FROM ingredient_options_toppings;
DELETE FROM ingredient_options_complements;
DELETE FROM ingredient_options_bases;
DELETE FROM ingredient_options;
DELETE FROM product_gallery;
DELETE FROM product_keywords;
DELETE FROM products;
INSERT INTO public.ingredient_options (id) VALUES (1);
INSERT INTO public.ingredient_options_bases (ingredient_options_id, bases) VALUES (1, 'Sabritas naturales');
INSERT INTO public.ingredient_options_bases (ingredient_options_id, bases) VALUES (1, 'Chips fuego');
INSERT INTO public.ingredient_options_bases (ingredient_options_id, bases) VALUES (1, 'Ruffles queso');
INSERT INTO public.ingredient_options_bases (ingredient_options_id, bases) VALUES (1, 'Doritos nacho');
INSERT INTO public.ingredient_options_bases (ingredient_options_id, bases) VALUES (1, 'Takis fuego');
INSERT INTO public.ingredient_options_bases (ingredient_options_id, bases) VALUES (1, 'Chips jalapeños');
INSERT INTO public.ingredient_options_bases (ingredient_options_id, bases) VALUES (1, 'Sabritas adobada');
INSERT INTO public.ingredient_options_bases (ingredient_options_id, bases) VALUES (1, 'Rancheritos');
INSERT INTO public.ingredient_options_bases (ingredient_options_id, bases) VALUES (1, 'Tostitos');
INSERT INTO public.ingredient_options_complements (ingredient_options_id, complements) VALUES (1, 'Cueritos');
INSERT INTO public.ingredient_options_complements (ingredient_options_id, complements) VALUES (1, 'Pepino');
INSERT INTO public.ingredient_options_complements (ingredient_options_id, complements) VALUES (1, 'Jícama');
INSERT INTO public.ingredient_options_complements (ingredient_options_id, complements) VALUES (1, 'Salchicha');
INSERT INTO public.ingredient_options_complements (ingredient_options_id, complements) VALUES (1, 'Sandía (Temp)');
INSERT INTO public.ingredient_options_complements (ingredient_options_id, complements) VALUES (1, 'Piña');
INSERT INTO public.ingredient_options_complements (ingredient_options_id, complements) VALUES (1, 'Mango (Temp)');
INSERT INTO public.ingredient_options_complements (ingredient_options_id, complements) VALUES (1, 'Palomitas');
INSERT INTO public.ingredient_options_complements (ingredient_options_id, complements) VALUES (1, 'Churros de maíz');
INSERT INTO public.ingredient_options_complements (ingredient_options_id, complements) VALUES (1, 'Zanahoria rallada');
INSERT INTO public.ingredient_options_toppings (ingredient_options_id, toppings) VALUES (1, 'Manguitos');
INSERT INTO public.ingredient_options_toppings (ingredient_options_id, toppings) VALUES (1, 'Picafresas');
INSERT INTO public.ingredient_options_toppings (ingredient_options_id, toppings) VALUES (1, 'Lombrices');
INSERT INTO public.ingredient_options_toppings (ingredient_options_id, toppings) VALUES (1, 'Cacahuates');
INSERT INTO public.ingredient_options_toppings (ingredient_options_id, toppings) VALUES (1, 'Rellerindos');
INSERT INTO public.ingredient_options_toppings (ingredient_options_id, toppings) VALUES (1, 'Panditas');
INSERT INTO public.ingredient_options_toppings (ingredient_options_id, toppings) VALUES (1, 'Paletas');
INSERT INTO public.ingredient_options_toppings (ingredient_options_id, toppings) VALUES (1, 'Churro loko');
INSERT INTO public.ingredient_options_toppings (ingredient_options_id, toppings) VALUES (1, 'Sandías');
INSERT INTO public.ingredient_options_toppings (ingredient_options_id, toppings) VALUES (1, 'Lombrices ácidas');
INSERT INTO public.ingredient_options_toppings (ingredient_options_id, toppings) VALUES (1, 'Bolitochas de sandía');
INSERT INTO public.ingredient_options_toppings (ingredient_options_id, toppings) VALUES (1, 'Frutitas de gomita');
INSERT INTO public.ingredient_options_toppings (ingredient_options_id, toppings) VALUES (1, 'Tiburones de gomita');
INSERT INTO public.ingredient_options_toppings (ingredient_options_id, toppings) VALUES (1, 'Aros de durazno');
INSERT INTO public.ingredient_options_toppings (ingredient_options_id, toppings) VALUES (1, 'Cacahuate salado');
INSERT INTO public.products (id, category, description, img, name, price, rental_price_per_day, specifications, product_type, visible) VALUES (6, 'Snacks', 'Elige Tamaño (1/4 o 1/2) + Base + Complementos + Toppings.', '/images/bowl_un_medio.jpeg', 'Papas Preparadas (Bowl)', 45, NULL, '{}', 'SNACK', true);
INSERT INTO public.products (id, category, description, img, name, price, rental_price_per_day, specifications, product_type, visible) VALUES (1, 'Snacks', ' Chicharrón de harina con verdura y crema.D', '/images/duro_preparado.jpeg', 'Duros preparados', 200, NULL, '{}', 'SNACK', true);
INSERT INTO public.products (id, category, description, img, name, price, rental_price_per_day, specifications, product_type, visible) VALUES (21, 'Rentas', 'Incluye tablón + 10 sillas de plastico', '/images/tablon.webp', 'tablon sillas', 200, 200, '{}', 'RENTAL', true);
INSERT INTO public.products (id, category, description, img, name, price, rental_price_per_day, specifications, product_type, visible) VALUES (7, 'Snacks', 'Crepa en forma de paleta con toppings dulces.', '/images/crepaleta.jpeg', 'Crepaletas', 55, NULL, NULL, 'SNACK', true);
INSERT INTO public.products (id, category, description, img, name, price, rental_price_per_day, specifications, product_type, visible) VALUES (9, 'Snacks', 'Porción de hotcakes pequeños.', '/images/minihotcakes.jpeg', 'Mini Hotcakes', 60, NULL, NULL, 'SNACK', true);
INSERT INTO public.products (id, category, description, img, name, price, rental_price_per_day, specifications, product_type, visible) VALUES (10, 'Snacks', 'Paleta de agua con chamoy y gomitas.', '/images/paleta_preparada.jpeg', 'Paletas de Hielo', 35, NULL, NULL, 'SNACK', true);
INSERT INTO public.products (id, category, description, img, name, price, rental_price_per_day, specifications, product_type, visible) VALUES (11, 'Bebidas', 'Preparado especial con escarchado de chamoy.', '/images/michelada.jpeg', 'Micheladas', 80, NULL, NULL, 'SNACK', true);
INSERT INTO public.products (id, category, description, img, name, price, rental_price_per_day, specifications, product_type, visible) VALUES (31, 'Mobiliario', 'tablon individual para tu evento', '', 'tablon', 100, 100, '{}', 'RENTAL', true);
INSERT INTO public.products (id, category, description, img, name, price, rental_price_per_day, specifications, product_type, visible) VALUES (27, 'Renta', 'paquete de tablon con 10 sillas de plastico y mantel', '', 'tablon con sillas y mantel', NULL, 220, '{}', 'RENTAL', true);
INSERT INTO public.products (id, category, description, img, name, price, rental_price_per_day, specifications, product_type, visible) VALUES (29, 'Renta', 'paquete de Mesa redonda con 10 sillas y mantel', '', 'mesa redonda con sillas y mantel', NULL, 250, '{}', 'RENTAL', true);
INSERT INTO public.products (id, category, description, img, name, price, rental_price_per_day, specifications, product_type, visible) VALUES (13, 'Bebidas', '', '/images/azulito.jpeg', 'Azulitos', 200, NULL, '{}', 'SNACK', true);
INSERT INTO public.products (id, category, description, img, name, price, rental_price_per_day, specifications, product_type, visible) VALUES (28, 'Renta', 'paquete de Mesa redonda con 10 sillas', '', 'mesa redonda con sillas', NULL, 230, '{}', 'RENTAL', true);
INSERT INTO public.products (id, category, description, img, name, price, rental_price_per_day, specifications, product_type, visible) VALUES (2, 'Snacks', 'Tostitos con cueritos, jícama, pepino...', '/images/tostilocos.jpeg', 'Tostilocos', 85, NULL, NULL, 'SNACK', true);
INSERT INTO public.products (id, category, description, img, name, price, rental_price_per_day, specifications, product_type, visible) VALUES (30, 'Bebidas', 'cantaritos', '/uploads/5b95d1ca-5f81-4a6e-a175-0785644a51ec.jpg', 'Cantaritos', 200, NULL, '{}', 'SNACK', true);
INSERT INTO public.products (id, category, description, img, name, price, rental_price_per_day, specifications, product_type, visible) VALUES (3, 'Snacks', 'Sopa instantánea con elote y queso. muy rico', '/images/maruchan.jpeg', 'Maruchan Preparada', 45, NULL, '{}', 'SNACK', true);
INSERT INTO public.products (id, category, description, img, name, price, rental_price_per_day, specifications, product_type, visible) VALUES (8, 'Snacks', 'Fresas frescas con nuestra crema especial.', '/images/charola_snacks.jpeg', 'Charola de snacks', 75, NULL, '{}', 'SNACK', true);
INSERT INTO public.products (id, category, description, img, name, price, rental_price_per_day, specifications, product_type, visible) VALUES (15, 'Mobiliario', 'silla plegable para tu evento', '/images/silla_plegable.jpg', 'silla plegable', 20, 20, '{"capacity":"1","material":"plastico"}', 'RENTAL', true);
INSERT INTO public.products (id, category, description, img, name, price, rental_price_per_day, specifications, product_type, visible) VALUES (17, 'Mobiliario', 'mesa redonda ideal para tus eventos formales', '/images/mesa_redonda.jpg', 'mesa redonda', 150, 150, '{"capacity":"10","material":"plastico","dimensions":"1.20 x 1.20 cm"}', 'RENTAL', true);
INSERT INTO public.products (id, category, description, img, name, price, rental_price_per_day, specifications, product_type, visible) VALUES (16, 'Mobiliario', 'Brincolin para nino o nina', '/images/brincolin_nina.jpg', 'brincolin ', 850, 850, '{"variants":[{"name":"Niña","img":""}]}', 'RENTAL', true);
INSERT INTO public.products (id, category, description, img, name, price, rental_price_per_day, specifications, product_type, visible) VALUES (4, 'Snacks', 'Clásico esquite con mayonesa, queso y chile..', '/images/elote_vaso.jpeg', 'Elote en Vaso', 35, NULL, '{}', 'SNACK', true);
INSERT INTO public.products (id, category, description, img, name, price, rental_price_per_day, specifications, product_type, visible) VALUES (5, 'Snacks', 'Tostitos preparados con esquite (elote), queso y crema.', '/images/tostielote.jpeg', 'Tostielote', 90, NULL, '{}', 'SNACK', true);
INSERT INTO public.products (id, category, description, img, name, price, rental_price_per_day, specifications, product_type, visible) VALUES (32, 'Snacks', 'Elote revolcado en chile y sal y limon', '/uploads/9772c385-6dfb-48cc-aef6-9e21960e6cab.jpg', 'Elote Revolcado', 200, NULL, '{}', 'SNACK', true);
INSERT INTO public.price_tiers (id, max_guests, min_guests, price, product_id, quarter_product_id) VALUES (19, 39, 30, 2550, 5, NULL);
INSERT INTO public.price_tiers (id, max_guests, min_guests, price, product_id, quarter_product_id) VALUES (20, 49, 40, 3400, 5, NULL);
INSERT INTO public.price_tiers (id, max_guests, min_guests, price, product_id, quarter_product_id) VALUES (21, 59, 50, 4250, 5, NULL);
INSERT INTO public.price_tiers (id, max_guests, min_guests, price, product_id, quarter_product_id) VALUES (22, 69, 60, 4800, 5, NULL);
INSERT INTO public.price_tiers (id, max_guests, min_guests, price, product_id, quarter_product_id) VALUES (23, 79, 70, 5600, 5, NULL);
INSERT INTO public.price_tiers (id, max_guests, min_guests, price, product_id, quarter_product_id) VALUES (24, 89, 80, 6400, 5, NULL);
INSERT INTO public.price_tiers (id, max_guests, min_guests, price, product_id, quarter_product_id) VALUES (25, 99, 90, 7200, 5, NULL);
INSERT INTO public.price_tiers (id, max_guests, min_guests, price, product_id, quarter_product_id) VALUES (26, 109, 100, 7500, 5, NULL);
INSERT INTO public.price_tiers (id, max_guests, min_guests, price, product_id, quarter_product_id) VALUES (27, 119, 110, 8250, 5, NULL);
INSERT INTO public.price_tiers (id, max_guests, min_guests, price, product_id, quarter_product_id) VALUES (28, 129, 120, 9000, 5, NULL);
INSERT INTO public.price_tiers (id, max_guests, min_guests, price, product_id, quarter_product_id) VALUES (29, 139, 130, 9750, 5, NULL);
INSERT INTO public.price_tiers (id, max_guests, min_guests, price, product_id, quarter_product_id) VALUES (30, 149, 140, 10500, 5, NULL);
INSERT INTO public.price_tiers (id, max_guests, min_guests, price, product_id, quarter_product_id) VALUES (31, 159, 150, 11250, 5, NULL);
INSERT INTO public.price_tiers (id, max_guests, min_guests, price, product_id, quarter_product_id) VALUES (32, 169, 160, 12000, 5, NULL);
INSERT INTO public.price_tiers (id, max_guests, min_guests, price, product_id, quarter_product_id) VALUES (33, 179, 170, 12750, 5, NULL);
INSERT INTO public.price_tiers (id, max_guests, min_guests, price, product_id, quarter_product_id) VALUES (34, 189, 180, 13500, 5, NULL);
INSERT INTO public.price_tiers (id, max_guests, min_guests, price, product_id, quarter_product_id) VALUES (35, 199, 190, 14250, 5, NULL);
INSERT INTO public.price_tiers (id, max_guests, min_guests, price, product_id, quarter_product_id) VALUES (36, 209, 200, 15000, 5, NULL);
INSERT INTO public.price_tiers (id, max_guests, min_guests, price, product_id, quarter_product_id) VALUES (37, 39, 30, 1950, 7, NULL);
INSERT INTO public.price_tiers (id, max_guests, min_guests, price, product_id, quarter_product_id) VALUES (38, 49, 40, 2600, 7, NULL);
INSERT INTO public.price_tiers (id, max_guests, min_guests, price, product_id, quarter_product_id) VALUES (39, 59, 50, 3000, 7, NULL);
INSERT INTO public.price_tiers (id, max_guests, min_guests, price, product_id, quarter_product_id) VALUES (40, 69, 60, 3600, 7, NULL);
INSERT INTO public.price_tiers (id, max_guests, min_guests, price, product_id, quarter_product_id) VALUES (41, 79, 70, 4200, 7, NULL);
INSERT INTO public.price_tiers (id, max_guests, min_guests, price, product_id, quarter_product_id) VALUES (42, 89, 80, 4800, 7, NULL);
INSERT INTO public.price_tiers (id, max_guests, min_guests, price, product_id, quarter_product_id) VALUES (43, 99, 90, 4950, 7, NULL);
INSERT INTO public.price_tiers (id, max_guests, min_guests, price, product_id, quarter_product_id) VALUES (44, 109, 100, 5500, 7, NULL);
INSERT INTO public.price_tiers (id, max_guests, min_guests, price, product_id, quarter_product_id) VALUES (45, 119, 110, 6050, 7, NULL);
INSERT INTO public.price_tiers (id, max_guests, min_guests, price, product_id, quarter_product_id) VALUES (46, 129, 120, 6600, 7, NULL);
INSERT INTO public.price_tiers (id, max_guests, min_guests, price, product_id, quarter_product_id) VALUES (47, 139, 130, 7150, 7, NULL);
INSERT INTO public.price_tiers (id, max_guests, min_guests, price, product_id, quarter_product_id) VALUES (48, 149, 140, 7700, 7, NULL);
INSERT INTO public.price_tiers (id, max_guests, min_guests, price, product_id, quarter_product_id) VALUES (49, 159, 150, 8250, 7, NULL);
INSERT INTO public.price_tiers (id, max_guests, min_guests, price, product_id, quarter_product_id) VALUES (50, 169, 160, 8800, 7, NULL);
INSERT INTO public.price_tiers (id, max_guests, min_guests, price, product_id, quarter_product_id) VALUES (51, 179, 170, 9350, 7, NULL);
INSERT INTO public.price_tiers (id, max_guests, min_guests, price, product_id, quarter_product_id) VALUES (52, 189, 180, 9900, 7, NULL);
INSERT INTO public.price_tiers (id, max_guests, min_guests, price, product_id, quarter_product_id) VALUES (53, 199, 190, 10450, 7, NULL);
INSERT INTO public.price_tiers (id, max_guests, min_guests, price, product_id, quarter_product_id) VALUES (54, 209, 200, 11000, 7, NULL);
INSERT INTO public.price_tiers (id, max_guests, min_guests, price, product_id, quarter_product_id) VALUES (55, 39, 30, 1950, 9, NULL);
INSERT INTO public.price_tiers (id, max_guests, min_guests, price, product_id, quarter_product_id) VALUES (56, 49, 40, 2600, 9, NULL);
INSERT INTO public.price_tiers (id, max_guests, min_guests, price, product_id, quarter_product_id) VALUES (57, 59, 50, 3000, 9, NULL);
INSERT INTO public.price_tiers (id, max_guests, min_guests, price, product_id, quarter_product_id) VALUES (58, 69, 60, 3600, 9, NULL);
INSERT INTO public.price_tiers (id, max_guests, min_guests, price, product_id, quarter_product_id) VALUES (59, 79, 70, 4200, 9, NULL);
INSERT INTO public.price_tiers (id, max_guests, min_guests, price, product_id, quarter_product_id) VALUES (60, 89, 80, 4800, 9, NULL);
INSERT INTO public.price_tiers (id, max_guests, min_guests, price, product_id, quarter_product_id) VALUES (61, 99, 90, 4950, 9, NULL);
INSERT INTO public.price_tiers (id, max_guests, min_guests, price, product_id, quarter_product_id) VALUES (62, 109, 100, 5500, 9, NULL);
INSERT INTO public.price_tiers (id, max_guests, min_guests, price, product_id, quarter_product_id) VALUES (63, 119, 110, 6050, 9, NULL);
INSERT INTO public.price_tiers (id, max_guests, min_guests, price, product_id, quarter_product_id) VALUES (64, 129, 120, 6600, 9, NULL);
INSERT INTO public.price_tiers (id, max_guests, min_guests, price, product_id, quarter_product_id) VALUES (65, 139, 130, 7150, 9, NULL);
INSERT INTO public.price_tiers (id, max_guests, min_guests, price, product_id, quarter_product_id) VALUES (66, 149, 140, 7700, 9, NULL);
INSERT INTO public.price_tiers (id, max_guests, min_guests, price, product_id, quarter_product_id) VALUES (67, 159, 150, 8250, 9, NULL);
INSERT INTO public.price_tiers (id, max_guests, min_guests, price, product_id, quarter_product_id) VALUES (68, 169, 160, 8800, 9, NULL);
INSERT INTO public.price_tiers (id, max_guests, min_guests, price, product_id, quarter_product_id) VALUES (69, 179, 170, 9350, 9, NULL);
INSERT INTO public.price_tiers (id, max_guests, min_guests, price, product_id, quarter_product_id) VALUES (70, 189, 180, 9900, 9, NULL);
INSERT INTO public.price_tiers (id, max_guests, min_guests, price, product_id, quarter_product_id) VALUES (71, 199, 190, 10450, 9, NULL);
INSERT INTO public.price_tiers (id, max_guests, min_guests, price, product_id, quarter_product_id) VALUES (72, 209, 200, 11000, 9, NULL);
INSERT INTO public.price_tiers (id, max_guests, min_guests, price, product_id, quarter_product_id) VALUES (73, 39, 30, 2550, 2, NULL);
INSERT INTO public.price_tiers (id, max_guests, min_guests, price, product_id, quarter_product_id) VALUES (74, 49, 40, 3400, 2, NULL);
INSERT INTO public.price_tiers (id, max_guests, min_guests, price, product_id, quarter_product_id) VALUES (75, 59, 50, 4000, 2, NULL);
INSERT INTO public.price_tiers (id, max_guests, min_guests, price, product_id, quarter_product_id) VALUES (76, 69, 60, 4800, 2, NULL);
INSERT INTO public.price_tiers (id, max_guests, min_guests, price, product_id, quarter_product_id) VALUES (77, 79, 70, 5600, 2, NULL);
INSERT INTO public.price_tiers (id, max_guests, min_guests, price, product_id, quarter_product_id) VALUES (78, 89, 80, 6400, 2, NULL);
INSERT INTO public.price_tiers (id, max_guests, min_guests, price, product_id, quarter_product_id) VALUES (79, 99, 90, 6750, 2, NULL);
INSERT INTO public.price_tiers (id, max_guests, min_guests, price, product_id, quarter_product_id) VALUES (80, 109, 100, 7500, 2, NULL);
INSERT INTO public.price_tiers (id, max_guests, min_guests, price, product_id, quarter_product_id) VALUES (81, 119, 110, 8250, 2, NULL);
INSERT INTO public.price_tiers (id, max_guests, min_guests, price, product_id, quarter_product_id) VALUES (82, 129, 120, 9000, 2, NULL);
INSERT INTO public.price_tiers (id, max_guests, min_guests, price, product_id, quarter_product_id) VALUES (83, 139, 130, 9750, 2, NULL);
INSERT INTO public.price_tiers (id, max_guests, min_guests, price, product_id, quarter_product_id) VALUES (84, 149, 140, 10500, 2, NULL);
INSERT INTO public.price_tiers (id, max_guests, min_guests, price, product_id, quarter_product_id) VALUES (85, 159, 150, 11250, 2, NULL);
INSERT INTO public.price_tiers (id, max_guests, min_guests, price, product_id, quarter_product_id) VALUES (86, 169, 160, 12000, 2, NULL);
INSERT INTO public.price_tiers (id, max_guests, min_guests, price, product_id, quarter_product_id) VALUES (87, 179, 170, 12750, 2, NULL);
INSERT INTO public.price_tiers (id, max_guests, min_guests, price, product_id, quarter_product_id) VALUES (88, 189, 180, 13500, 2, NULL);
INSERT INTO public.price_tiers (id, max_guests, min_guests, price, product_id, quarter_product_id) VALUES (89, 199, 190, 14250, 2, NULL);
INSERT INTO public.price_tiers (id, max_guests, min_guests, price, product_id, quarter_product_id) VALUES (90, 209, 200, 15000, 2, NULL);
INSERT INTO public.price_tiers (id, max_guests, min_guests, price, product_id, quarter_product_id) VALUES (91, 39, 30, 1500, 10, NULL);
INSERT INTO public.price_tiers (id, max_guests, min_guests, price, product_id, quarter_product_id) VALUES (92, 49, 40, 2000, 10, NULL);
INSERT INTO public.price_tiers (id, max_guests, min_guests, price, product_id, quarter_product_id) VALUES (93, 59, 50, 2250, 10, NULL);
INSERT INTO public.price_tiers (id, max_guests, min_guests, price, product_id, quarter_product_id) VALUES (94, 69, 60, 2700, 10, NULL);
INSERT INTO public.price_tiers (id, max_guests, min_guests, price, product_id, quarter_product_id) VALUES (95, 79, 70, 3150, 10, NULL);
INSERT INTO public.price_tiers (id, max_guests, min_guests, price, product_id, quarter_product_id) VALUES (96, 89, 80, 3600, 10, NULL);
INSERT INTO public.price_tiers (id, max_guests, min_guests, price, product_id, quarter_product_id) VALUES (97, 99, 90, 4050, 10, NULL);
INSERT INTO public.price_tiers (id, max_guests, min_guests, price, product_id, quarter_product_id) VALUES (98, 109, 100, 4000, 10, NULL);
INSERT INTO public.price_tiers (id, max_guests, min_guests, price, product_id, quarter_product_id) VALUES (99, 119, 110, 4400, 10, NULL);
INSERT INTO public.price_tiers (id, max_guests, min_guests, price, product_id, quarter_product_id) VALUES (100, 129, 120, 4800, 10, NULL);
INSERT INTO public.price_tiers (id, max_guests, min_guests, price, product_id, quarter_product_id) VALUES (101, 139, 130, 5200, 10, NULL);
INSERT INTO public.price_tiers (id, max_guests, min_guests, price, product_id, quarter_product_id) VALUES (102, 149, 140, 5600, 10, NULL);
INSERT INTO public.price_tiers (id, max_guests, min_guests, price, product_id, quarter_product_id) VALUES (103, 159, 150, 6000, 10, NULL);
INSERT INTO public.price_tiers (id, max_guests, min_guests, price, product_id, quarter_product_id) VALUES (104, 169, 160, 6400, 10, NULL);
INSERT INTO public.price_tiers (id, max_guests, min_guests, price, product_id, quarter_product_id) VALUES (105, 179, 170, 6800, 10, NULL);
INSERT INTO public.price_tiers (id, max_guests, min_guests, price, product_id, quarter_product_id) VALUES (106, 189, 180, 7200, 10, NULL);
INSERT INTO public.price_tiers (id, max_guests, min_guests, price, product_id, quarter_product_id) VALUES (107, 199, 190, 7600, 10, NULL);
INSERT INTO public.price_tiers (id, max_guests, min_guests, price, product_id, quarter_product_id) VALUES (108, 209, 200, 8000, 10, NULL);
INSERT INTO public.price_tiers (id, max_guests, min_guests, price, product_id, quarter_product_id) VALUES (109, 39, 30, 2040, 11, NULL);
INSERT INTO public.price_tiers (id, max_guests, min_guests, price, product_id, quarter_product_id) VALUES (110, 49, 40, 2720, 11, NULL);
INSERT INTO public.price_tiers (id, max_guests, min_guests, price, product_id, quarter_product_id) VALUES (111, 59, 50, 3250, 11, NULL);
INSERT INTO public.price_tiers (id, max_guests, min_guests, price, product_id, quarter_product_id) VALUES (112, 69, 60, 3900, 11, NULL);
INSERT INTO public.price_tiers (id, max_guests, min_guests, price, product_id, quarter_product_id) VALUES (113, 79, 70, 4550, 11, NULL);
INSERT INTO public.price_tiers (id, max_guests, min_guests, price, product_id, quarter_product_id) VALUES (114, 89, 80, 5200, 11, NULL);
INSERT INTO public.price_tiers (id, max_guests, min_guests, price, product_id, quarter_product_id) VALUES (115, 99, 90, 5850, 11, NULL);
INSERT INTO public.price_tiers (id, max_guests, min_guests, price, product_id, quarter_product_id) VALUES (116, 109, 100, 6000, 11, NULL);
INSERT INTO public.price_tiers (id, max_guests, min_guests, price, product_id, quarter_product_id) VALUES (117, 119, 110, 6600, 11, NULL);
INSERT INTO public.price_tiers (id, max_guests, min_guests, price, product_id, quarter_product_id) VALUES (118, 129, 120, 7200, 11, NULL);
INSERT INTO public.price_tiers (id, max_guests, min_guests, price, product_id, quarter_product_id) VALUES (119, 139, 130, 7800, 11, NULL);
INSERT INTO public.price_tiers (id, max_guests, min_guests, price, product_id, quarter_product_id) VALUES (120, 149, 140, 8400, 11, NULL);
INSERT INTO public.price_tiers (id, max_guests, min_guests, price, product_id, quarter_product_id) VALUES (121, 159, 150, 9000, 11, NULL);
INSERT INTO public.price_tiers (id, max_guests, min_guests, price, product_id, quarter_product_id) VALUES (122, 169, 160, 9600, 11, NULL);
INSERT INTO public.price_tiers (id, max_guests, min_guests, price, product_id, quarter_product_id) VALUES (123, 179, 170, 10200, 11, NULL);
INSERT INTO public.price_tiers (id, max_guests, min_guests, price, product_id, quarter_product_id) VALUES (124, 189, 180, 10800, 11, NULL);
INSERT INTO public.price_tiers (id, max_guests, min_guests, price, product_id, quarter_product_id) VALUES (125, 199, 190, 11400, 11, NULL);
INSERT INTO public.price_tiers (id, max_guests, min_guests, price, product_id, quarter_product_id) VALUES (126, 209, 200, 12000, 11, NULL);
INSERT INTO public.price_tiers (id, max_guests, min_guests, price, product_id, quarter_product_id) VALUES (127, 39, 30, 2040, 13, NULL);
INSERT INTO public.price_tiers (id, max_guests, min_guests, price, product_id, quarter_product_id) VALUES (128, 49, 40, 2720, 13, NULL);
INSERT INTO public.price_tiers (id, max_guests, min_guests, price, product_id, quarter_product_id) VALUES (129, 59, 50, 3250, 13, NULL);
INSERT INTO public.price_tiers (id, max_guests, min_guests, price, product_id, quarter_product_id) VALUES (130, 69, 60, 3900, 13, NULL);
INSERT INTO public.price_tiers (id, max_guests, min_guests, price, product_id, quarter_product_id) VALUES (131, 79, 70, 4550, 13, NULL);
INSERT INTO public.price_tiers (id, max_guests, min_guests, price, product_id, quarter_product_id) VALUES (132, 89, 80, 5200, 13, NULL);
INSERT INTO public.price_tiers (id, max_guests, min_guests, price, product_id, quarter_product_id) VALUES (133, 99, 90, 5850, 13, NULL);
INSERT INTO public.price_tiers (id, max_guests, min_guests, price, product_id, quarter_product_id) VALUES (134, 109, 100, 6000, 13, NULL);
INSERT INTO public.price_tiers (id, max_guests, min_guests, price, product_id, quarter_product_id) VALUES (135, 119, 110, 6600, 13, NULL);
INSERT INTO public.price_tiers (id, max_guests, min_guests, price, product_id, quarter_product_id) VALUES (136, 129, 120, 7200, 13, NULL);
INSERT INTO public.price_tiers (id, max_guests, min_guests, price, product_id, quarter_product_id) VALUES (137, 139, 130, 7800, 13, NULL);
INSERT INTO public.price_tiers (id, max_guests, min_guests, price, product_id, quarter_product_id) VALUES (138, 149, 140, 8400, 13, NULL);
INSERT INTO public.price_tiers (id, max_guests, min_guests, price, product_id, quarter_product_id) VALUES (139, 159, 150, 9000, 13, NULL);
INSERT INTO public.price_tiers (id, max_guests, min_guests, price, product_id, quarter_product_id) VALUES (140, 169, 160, 9600, 13, NULL);
INSERT INTO public.price_tiers (id, max_guests, min_guests, price, product_id, quarter_product_id) VALUES (141, 179, 170, 10200, 13, NULL);
INSERT INTO public.price_tiers (id, max_guests, min_guests, price, product_id, quarter_product_id) VALUES (142, 189, 180, 10800, 13, NULL);
INSERT INTO public.price_tiers (id, max_guests, min_guests, price, product_id, quarter_product_id) VALUES (143, 199, 190, 11400, 13, NULL);
INSERT INTO public.price_tiers (id, max_guests, min_guests, price, product_id, quarter_product_id) VALUES (144, 209, 200, 12000, 13, NULL);
INSERT INTO public.price_tiers (id, max_guests, min_guests, price, product_id, quarter_product_id) VALUES (145, 39, 30, 2550, 6, NULL);
INSERT INTO public.price_tiers (id, max_guests, min_guests, price, product_id, quarter_product_id) VALUES (146, 49, 40, 3400, 6, NULL);
INSERT INTO public.price_tiers (id, max_guests, min_guests, price, product_id, quarter_product_id) VALUES (147, 59, 50, 4250, 6, NULL);
INSERT INTO public.price_tiers (id, max_guests, min_guests, price, product_id, quarter_product_id) VALUES (148, 69, 60, 4800, 6, NULL);
INSERT INTO public.price_tiers (id, max_guests, min_guests, price, product_id, quarter_product_id) VALUES (149, 79, 70, 5600, 6, NULL);
INSERT INTO public.price_tiers (id, max_guests, min_guests, price, product_id, quarter_product_id) VALUES (150, 89, 80, 5600, 6, NULL);
INSERT INTO public.price_tiers (id, max_guests, min_guests, price, product_id, quarter_product_id) VALUES (151, 99, 90, 6300, 6, NULL);
INSERT INTO public.price_tiers (id, max_guests, min_guests, price, product_id, quarter_product_id) VALUES (152, 109, 100, 6800, 6, NULL);
INSERT INTO public.price_tiers (id, max_guests, min_guests, price, product_id, quarter_product_id) VALUES (153, 119, 110, 7480, 6, NULL);
INSERT INTO public.price_tiers (id, max_guests, min_guests, price, product_id, quarter_product_id) VALUES (154, 129, 120, 8160, 6, NULL);
INSERT INTO public.price_tiers (id, max_guests, min_guests, price, product_id, quarter_product_id) VALUES (155, 139, 130, 8840, 6, NULL);
INSERT INTO public.price_tiers (id, max_guests, min_guests, price, product_id, quarter_product_id) VALUES (156, 149, 140, 9520, 6, NULL);
INSERT INTO public.price_tiers (id, max_guests, min_guests, price, product_id, quarter_product_id) VALUES (157, 159, 150, 10200, 6, NULL);
INSERT INTO public.price_tiers (id, max_guests, min_guests, price, product_id, quarter_product_id) VALUES (158, 169, 160, 10880, 6, NULL);
INSERT INTO public.price_tiers (id, max_guests, min_guests, price, product_id, quarter_product_id) VALUES (159, 179, 170, 11560, 6, NULL);
INSERT INTO public.price_tiers (id, max_guests, min_guests, price, product_id, quarter_product_id) VALUES (160, 189, 180, 12240, 6, NULL);
INSERT INTO public.price_tiers (id, max_guests, min_guests, price, product_id, quarter_product_id) VALUES (161, 199, 190, 12920, 6, NULL);
INSERT INTO public.price_tiers (id, max_guests, min_guests, price, product_id, quarter_product_id) VALUES (162, 209, 200, 13600, 6, NULL);
INSERT INTO public.price_tiers (id, max_guests, min_guests, price, product_id, quarter_product_id) VALUES (163, 39, 30, 1800, 1, NULL);
INSERT INTO public.price_tiers (id, max_guests, min_guests, price, product_id, quarter_product_id) VALUES (164, 49, 40, 2400, 1, NULL);
INSERT INTO public.price_tiers (id, max_guests, min_guests, price, product_id, quarter_product_id) VALUES (165, 59, 50, 3000, 1, NULL);
INSERT INTO public.price_tiers (id, max_guests, min_guests, price, product_id, quarter_product_id) VALUES (166, 69, 60, 3300, 1, NULL);
INSERT INTO public.price_tiers (id, max_guests, min_guests, price, product_id, quarter_product_id) VALUES (167, 79, 70, 3850, 1, NULL);
INSERT INTO public.price_tiers (id, max_guests, min_guests, price, product_id, quarter_product_id) VALUES (168, 89, 80, 4400, 1, NULL);
INSERT INTO public.price_tiers (id, max_guests, min_guests, price, product_id, quarter_product_id) VALUES (169, 99, 90, 4950, 1, NULL);
INSERT INTO public.price_tiers (id, max_guests, min_guests, price, product_id, quarter_product_id) VALUES (170, 109, 100, 5200, 1, NULL);
INSERT INTO public.price_tiers (id, max_guests, min_guests, price, product_id, quarter_product_id) VALUES (171, 119, 110, 5720, 1, NULL);
INSERT INTO public.price_tiers (id, max_guests, min_guests, price, product_id, quarter_product_id) VALUES (172, 129, 120, 6240, 1, NULL);
INSERT INTO public.price_tiers (id, max_guests, min_guests, price, product_id, quarter_product_id) VALUES (173, 139, 130, 6760, 1, NULL);
INSERT INTO public.price_tiers (id, max_guests, min_guests, price, product_id, quarter_product_id) VALUES (174, 149, 140, 7280, 1, NULL);
INSERT INTO public.price_tiers (id, max_guests, min_guests, price, product_id, quarter_product_id) VALUES (175, 159, 150, 7800, 1, NULL);
INSERT INTO public.price_tiers (id, max_guests, min_guests, price, product_id, quarter_product_id) VALUES (176, 169, 160, 8320, 1, NULL);
INSERT INTO public.price_tiers (id, max_guests, min_guests, price, product_id, quarter_product_id) VALUES (177, 179, 170, 8840, 1, NULL);
INSERT INTO public.price_tiers (id, max_guests, min_guests, price, product_id, quarter_product_id) VALUES (178, 189, 180, 9360, 1, NULL);
INSERT INTO public.price_tiers (id, max_guests, min_guests, price, product_id, quarter_product_id) VALUES (179, 199, 190, 9880, 1, NULL);
INSERT INTO public.price_tiers (id, max_guests, min_guests, price, product_id, quarter_product_id) VALUES (180, 209, 200, 10400, 1, NULL);
INSERT INTO public.price_tiers (id, max_guests, min_guests, price, product_id, quarter_product_id) VALUES (181, 39, 30, 2550, 3, NULL);
INSERT INTO public.price_tiers (id, max_guests, min_guests, price, product_id, quarter_product_id) VALUES (182, 49, 40, 3400, 3, NULL);
INSERT INTO public.price_tiers (id, max_guests, min_guests, price, product_id, quarter_product_id) VALUES (183, 59, 50, 3750, 3, NULL);
INSERT INTO public.price_tiers (id, max_guests, min_guests, price, product_id, quarter_product_id) VALUES (184, 69, 60, 4500, 3, NULL);
INSERT INTO public.price_tiers (id, max_guests, min_guests, price, product_id, quarter_product_id) VALUES (185, 79, 70, 5250, 3, NULL);
INSERT INTO public.price_tiers (id, max_guests, min_guests, price, product_id, quarter_product_id) VALUES (186, 89, 80, 6000, 3, NULL);
INSERT INTO public.price_tiers (id, max_guests, min_guests, price, product_id, quarter_product_id) VALUES (187, 99, 90, 6300, 3, NULL);
INSERT INTO public.price_tiers (id, max_guests, min_guests, price, product_id, quarter_product_id) VALUES (188, 109, 100, 7000, 3, NULL);
INSERT INTO public.price_tiers (id, max_guests, min_guests, price, product_id, quarter_product_id) VALUES (189, 119, 110, 7700, 3, NULL);
INSERT INTO public.price_tiers (id, max_guests, min_guests, price, product_id, quarter_product_id) VALUES (190, 129, 120, 8400, 3, NULL);
INSERT INTO public.price_tiers (id, max_guests, min_guests, price, product_id, quarter_product_id) VALUES (191, 139, 130, 9100, 3, NULL);
INSERT INTO public.price_tiers (id, max_guests, min_guests, price, product_id, quarter_product_id) VALUES (192, 149, 140, 9800, 3, NULL);
INSERT INTO public.price_tiers (id, max_guests, min_guests, price, product_id, quarter_product_id) VALUES (193, 159, 150, 10500, 3, NULL);
INSERT INTO public.price_tiers (id, max_guests, min_guests, price, product_id, quarter_product_id) VALUES (194, 169, 160, 11200, 3, NULL);
INSERT INTO public.price_tiers (id, max_guests, min_guests, price, product_id, quarter_product_id) VALUES (195, 179, 170, 11900, 3, NULL);
INSERT INTO public.price_tiers (id, max_guests, min_guests, price, product_id, quarter_product_id) VALUES (196, 189, 180, 12600, 3, NULL);
INSERT INTO public.price_tiers (id, max_guests, min_guests, price, product_id, quarter_product_id) VALUES (197, 199, 190, 13300, 3, NULL);
INSERT INTO public.price_tiers (id, max_guests, min_guests, price, product_id, quarter_product_id) VALUES (198, 209, 200, 14000, 3, NULL);
INSERT INTO public.price_tiers (id, max_guests, min_guests, price, product_id, quarter_product_id) VALUES (1, 39, 30, 1500, NULL, NULL);
INSERT INTO public.price_tiers (id, max_guests, min_guests, price, product_id, quarter_product_id) VALUES (2, 49, 40, 2000, NULL, NULL);
INSERT INTO public.price_tiers (id, max_guests, min_guests, price, product_id, quarter_product_id) VALUES (3, 59, 50, 2500, NULL, NULL);
INSERT INTO public.price_tiers (id, max_guests, min_guests, price, product_id, quarter_product_id) VALUES (4, 69, 60, 2820, NULL, NULL);
INSERT INTO public.price_tiers (id, max_guests, min_guests, price, product_id, quarter_product_id) VALUES (5, 79, 70, 3290, NULL, NULL);
INSERT INTO public.price_tiers (id, max_guests, min_guests, price, product_id, quarter_product_id) VALUES (6, 89, 80, 3760, NULL, NULL);
INSERT INTO public.price_tiers (id, max_guests, min_guests, price, product_id, quarter_product_id) VALUES (7, 99, 90, 4230, NULL, NULL);
INSERT INTO public.price_tiers (id, max_guests, min_guests, price, product_id, quarter_product_id) VALUES (8, 109, 100, 4500, NULL, NULL);
INSERT INTO public.price_tiers (id, max_guests, min_guests, price, product_id, quarter_product_id) VALUES (9, 119, 110, 4950, NULL, NULL);
INSERT INTO public.price_tiers (id, max_guests, min_guests, price, product_id, quarter_product_id) VALUES (10, 129, 120, 5400, NULL, NULL);
INSERT INTO public.price_tiers (id, max_guests, min_guests, price, product_id, quarter_product_id) VALUES (11, 139, 130, 5850, NULL, NULL);
INSERT INTO public.price_tiers (id, max_guests, min_guests, price, product_id, quarter_product_id) VALUES (12, 149, 140, 6300, NULL, NULL);
INSERT INTO public.price_tiers (id, max_guests, min_guests, price, product_id, quarter_product_id) VALUES (13, 159, 150, 6750, NULL, NULL);
INSERT INTO public.price_tiers (id, max_guests, min_guests, price, product_id, quarter_product_id) VALUES (14, 169, 160, 7200, NULL, NULL);
INSERT INTO public.price_tiers (id, max_guests, min_guests, price, product_id, quarter_product_id) VALUES (15, 179, 170, 7650, NULL, NULL);
INSERT INTO public.price_tiers (id, max_guests, min_guests, price, product_id, quarter_product_id) VALUES (16, 189, 180, 8100, NULL, NULL);
INSERT INTO public.price_tiers (id, max_guests, min_guests, price, product_id, quarter_product_id) VALUES (17, 199, 190, 8550, NULL, NULL);
INSERT INTO public.price_tiers (id, max_guests, min_guests, price, product_id, quarter_product_id) VALUES (18, 209, 200, 9000, NULL, NULL);
INSERT INTO public.price_tiers (id, max_guests, min_guests, price, product_id, quarter_product_id) VALUES (199, 39, 30, 1950, NULL, 6);
INSERT INTO public.price_tiers (id, max_guests, min_guests, price, product_id, quarter_product_id) VALUES (200, 49, 40, 2600, NULL, 6);
INSERT INTO public.price_tiers (id, max_guests, min_guests, price, product_id, quarter_product_id) VALUES (201, 59, 50, 3250, NULL, 6);
INSERT INTO public.price_tiers (id, max_guests, min_guests, price, product_id, quarter_product_id) VALUES (202, 69, 60, 3600, NULL, 6);
INSERT INTO public.price_tiers (id, max_guests, min_guests, price, product_id, quarter_product_id) VALUES (203, 79, 70, 4200, NULL, 6);
INSERT INTO public.price_tiers (id, max_guests, min_guests, price, product_id, quarter_product_id) VALUES (204, 89, 80, 4800, NULL, 6);
INSERT INTO public.price_tiers (id, max_guests, min_guests, price, product_id, quarter_product_id) VALUES (205, 99, 90, 5400, NULL, 6);
INSERT INTO public.price_tiers (id, max_guests, min_guests, price, product_id, quarter_product_id) VALUES (206, 149, 100, 5500, NULL, 6);
INSERT INTO public.price_tiers (id, max_guests, min_guests, price, product_id, quarter_product_id) VALUES (207, 199, 150, 8250, NULL, 6);
INSERT INTO public.price_tiers (id, max_guests, min_guests, price, product_id, quarter_product_id) VALUES (208, 999, 200, 11000, NULL, 6);
INSERT INTO public.price_tiers (id, max_guests, min_guests, price, product_id, quarter_product_id) VALUES (209, 39, 30, 1500, 32, NULL);
INSERT INTO public.price_tiers (id, max_guests, min_guests, price, product_id, quarter_product_id) VALUES (210, 49, 40, 2000, 32, NULL);
INSERT INTO public.price_tiers (id, max_guests, min_guests, price, product_id, quarter_product_id) VALUES (211, 59, 50, 2500, 32, NULL);
INSERT INTO public.price_tiers (id, max_guests, min_guests, price, product_id, quarter_product_id) VALUES (212, 69, 60, 2820, 32, NULL);
INSERT INTO public.price_tiers (id, max_guests, min_guests, price, product_id, quarter_product_id) VALUES (213, 79, 70, 3290, 32, NULL);
INSERT INTO public.price_tiers (id, max_guests, min_guests, price, product_id, quarter_product_id) VALUES (214, 89, 80, 3760, 32, NULL);
INSERT INTO public.price_tiers (id, max_guests, min_guests, price, product_id, quarter_product_id) VALUES (215, 99, 90, 4230, 32, NULL);
INSERT INTO public.price_tiers (id, max_guests, min_guests, price, product_id, quarter_product_id) VALUES (216, 109, 100, 4500, 32, NULL);
INSERT INTO public.price_tiers (id, max_guests, min_guests, price, product_id, quarter_product_id) VALUES (217, 119, 110, 4950, 32, NULL);
INSERT INTO public.price_tiers (id, max_guests, min_guests, price, product_id, quarter_product_id) VALUES (218, 129, 120, 5400, 32, NULL);
INSERT INTO public.price_tiers (id, max_guests, min_guests, price, product_id, quarter_product_id) VALUES (219, 139, 130, 5850, 32, NULL);
INSERT INTO public.price_tiers (id, max_guests, min_guests, price, product_id, quarter_product_id) VALUES (220, 149, 140, 6300, 32, NULL);
INSERT INTO public.price_tiers (id, max_guests, min_guests, price, product_id, quarter_product_id) VALUES (221, 159, 150, 6750, 32, NULL);
INSERT INTO public.price_tiers (id, max_guests, min_guests, price, product_id, quarter_product_id) VALUES (222, 169, 160, 7200, 32, NULL);
INSERT INTO public.price_tiers (id, max_guests, min_guests, price, product_id, quarter_product_id) VALUES (223, 179, 170, 7650, 32, NULL);
INSERT INTO public.price_tiers (id, max_guests, min_guests, price, product_id, quarter_product_id) VALUES (224, 189, 180, 8100, 32, NULL);
INSERT INTO public.price_tiers (id, max_guests, min_guests, price, product_id, quarter_product_id) VALUES (225, 199, 190, 8550, 32, NULL);
INSERT INTO public.price_tiers (id, max_guests, min_guests, price, product_id, quarter_product_id) VALUES (226, 999, 200, 9000, 32, NULL);
INSERT INTO public.price_tiers (id, max_guests, min_guests, price, product_id, quarter_product_id) VALUES (227, 39, 30, 1500, 4, NULL);
INSERT INTO public.price_tiers (id, max_guests, min_guests, price, product_id, quarter_product_id) VALUES (228, 49, 40, 2000, 4, NULL);
INSERT INTO public.price_tiers (id, max_guests, min_guests, price, product_id, quarter_product_id) VALUES (229, 59, 50, 2500, 4, NULL);
INSERT INTO public.price_tiers (id, max_guests, min_guests, price, product_id, quarter_product_id) VALUES (230, 69, 60, 2820, 4, NULL);
INSERT INTO public.price_tiers (id, max_guests, min_guests, price, product_id, quarter_product_id) VALUES (231, 79, 70, 3290, 4, NULL);
INSERT INTO public.price_tiers (id, max_guests, min_guests, price, product_id, quarter_product_id) VALUES (232, 89, 80, 3760, 4, NULL);
INSERT INTO public.price_tiers (id, max_guests, min_guests, price, product_id, quarter_product_id) VALUES (233, 99, 90, 4230, 4, NULL);
INSERT INTO public.price_tiers (id, max_guests, min_guests, price, product_id, quarter_product_id) VALUES (234, 109, 100, 4500, 4, NULL);
INSERT INTO public.price_tiers (id, max_guests, min_guests, price, product_id, quarter_product_id) VALUES (235, 119, 110, 4950, 4, NULL);
INSERT INTO public.price_tiers (id, max_guests, min_guests, price, product_id, quarter_product_id) VALUES (236, 129, 120, 5400, 4, NULL);
INSERT INTO public.price_tiers (id, max_guests, min_guests, price, product_id, quarter_product_id) VALUES (237, 139, 130, 5850, 4, NULL);
INSERT INTO public.price_tiers (id, max_guests, min_guests, price, product_id, quarter_product_id) VALUES (238, 149, 140, 6300, 4, NULL);
INSERT INTO public.price_tiers (id, max_guests, min_guests, price, product_id, quarter_product_id) VALUES (239, 159, 150, 6750, 4, NULL);
INSERT INTO public.price_tiers (id, max_guests, min_guests, price, product_id, quarter_product_id) VALUES (240, 169, 160, 7200, 4, NULL);
INSERT INTO public.price_tiers (id, max_guests, min_guests, price, product_id, quarter_product_id) VALUES (241, 179, 170, 7650, 4, NULL);
INSERT INTO public.price_tiers (id, max_guests, min_guests, price, product_id, quarter_product_id) VALUES (242, 189, 180, 8100, 4, NULL);
INSERT INTO public.price_tiers (id, max_guests, min_guests, price, product_id, quarter_product_id) VALUES (243, 199, 190, 8550, 4, NULL);
INSERT INTO public.price_tiers (id, max_guests, min_guests, price, product_id, quarter_product_id) VALUES (244, 999, 200, 9000, 4, NULL);
